1,inħobb,Azzjonijiet
2,ħjar,Ikel
3,baqra,Annimali
4,tgħanniqa,Azzjonijiet/Astratt
5,ankra,Oġġetti
6,sala,Oġġetti/Postijiet
7,Emilia,Nies/Ismijiet
8,melħ,Ikel
9,volpi,Annimali
10,żiemel,Annimali
11,Anna,Nies/Ismijiet
12,rebbiegħa,Ħin/Natura
13,eċċellenti,Deskrittiv
14,bajda,Ikel
15,tarzna,Oġġetti/Postijiet
16,widna,Partijiet tal-ġisem
17,huma,Kunċetti Astratti
18,karozza,Oġġetti/Trasport
19,hu,Kunċetti Astratti
20,nressaq,Azzjonijiet
21,dgħajsa,Oġġetti/Trasport
22,noħroġ,Azzjonijiet
23,Vivi,Nies/Ismijiet
24,ktieb,Oġġetti
25,kamin,Oġġetti
26,nara,Azzjonijiet
27,jimxu,Azzjonijiet
28,muntanji,Natura
29,insib,Azzjonijiet
30,ħmar,Annimali
31,ħalib,Ikel
32,blu ċar,Kuluri
33,Serenità,Nies/Ismijiet
34,ingwanti,Oġġetti
35,qattus,Annimali
36,hello,Kunċetti Astratti
37,Nidħak,Azzjonijiet
38,nanna,Nies/Familja
39,għan,Kunċetti Astratti
40,ħelu,Ikel/Deskrittiv
41,ħanżir,Annimali
42,Danae,Nies/Ismijiet
43,għalliem,Nies/Professjoni
44,għalliem,Nies/Professjoni
45,foresta,Natura
46,tnejn,Numri
47,tlieta,Numri
48,erba,Numri
49,ħamsa,Numri
50,sitta,Numri
51,sebgħa,Numri
52,tmienja,Numri
53,disgħa,Numri
54,għaxra,Numri
55,wieħed,Numri
56,pakkett,Oġġetti
57,nagħti,Azzjonijiet
58,sinna,Partijiet tal-ġisem
59,kamra,Oġġetti/Postijiet
60,rigal,Oġġetti
61,jien,Kunċetti Astratti
62,hawn,Kunċetti Astratti
63,immaġni,Oġġetti
64,huwa ġdid,Kunċetti Astratti
65,Paċi,Nies/Ismijiet
66,hemm,Kunċetti Astratti
67,ejja,Azzjonijiet
68,ejja,Azzjonijiet
69,siġra taż-żnuber,Natura
70,Helen,Nies/Ismijiet
71,aħna,Kunċetti Astratti
72,jien,Kunċetti Astratti
73,wieħed,Kunċetti Astratti
74,int,Kunċetti Astratti
75,int,Kunċetti Astratti
76,Evie,Nies/Ismijiet
77,euro,Kunċetti Astratti
78,għandi,Azzjonijiet
79,dadi,Oġġetti/Logħob
80,wieħed,Numri
81,tnejn,Numri
82,tlieta,Numri
83,erba,Numri
84,ħamsa,Numri
85,sitta,Numri
86,sebgħa,Numri
87,tmienja,Numri
88,disgħa,Numri
89,għaxra,Numri
90,zokkor,Ikel
91,zebra,Annimali
92,sħana,Natura/Sentimenti
93,sħun,Deskrittiv
94,buzz,Annimali
95,Ħajja,Nies/Ismijiet
96,żona,Oġġetti
97,Ilias,Nies/Ismijiet
98,xemx,Natura
99,baħar,Natura
100,Thanos,Nies/Ismijiet
101,zija,Nies/Familja
102,ziju,Nies/Familja
103,irrid,Azzjonijiet
104,kavallier,Nies/Professjoni
105,u,Kunċetti Astratti
106,kawkaw,Ikel
107,ħażin,Deskrittiv
108,qoffa,Oġġetti
109,tajba,Deskrittiv
110,is-sajf,Ħin/Natura
111,qanpiena,Oġġetti
112,jien,Azzjonijiet
113,Karagiozis,Nies/Kultura
114,president,Oġġetti
115,zunnarija,Ikel
116,qastan,Ikel
117,mogħoż,Annimali
118,isfel,Kunċetti Astratti
119,kafè,Ikel
120,ċirasa,Ikel
121,xemgħa,Oġġetti
122,kitarra,Oġġetti
123,Kiki,Nies/Ismijiet
124,mobbli,Oġġetti/Teknoloġija
125,isfar,Kuluri
126,naqta’,Azzjonijiet
127,Jien torqod,Azzjonijiet
128,ħares,Azzjonijiet
129,aħmar,Kuluri
130,tiġieġa,Annimali
131,bagel,Ikel
132,mgħarfa,Oġġetti
133,ċirku,Forom
134,liebru,Annimali
135,żejt,Ikel
136,għonq,Partijiet tal-ġisem
137,fanal,Oġġetti
138,lumi,Ikel
139,Lena,Nies/Ismijiet
140,Lefteris,Nies/Ismijiet
141,fjura,Natura
142,lupu,Annimali
143,Qed nitgħallem,Azzjonijiet
144,lezzjoni,Kunċetti Astratti
145,xadina,Annimali
146,spagetti,Ikel
147,omm,Nies/Familja
148,Manos,Nies/Ismijiet
149,ħass,Ikel
150,għajn,Partijiet tal-ġisem
151,sikkina,Oġġetti
152,jisimni,Kunċetti Astratti
153,kbar,Deskrittiv
154,għasel,Ikel
155,Melina,Nies/Ismijiet
156,naħla,Annimali
157,jum,Ħin
158,ġewwa,Kunċetti Astratti
159,tuffieħ,Ikel
160,wieħed,Kunċetti Astratti
161,żgħar,Deskrittiv
162,nitkellem,Azzjonijiet
163,Naqsam,Azzjonijiet
164,lapes,Oġġetti
165,mużika,Kunċetti Astratti
166,ballun,Oġġetti/Logħob
167,bużżieqa,Oġġetti
168,missier,Nies/Familja
169,Babis,Nies/Ismijiet
170,banana,Ikel
171,kamra tal-banju,Oġġetti/Postijiet
172,bastun tal-mixi,Oġġetti
173,blu,Kuluri
174,imnieħer,Partijiet tal-ġisem
175,vjola,Kuluri
176,tarbija,Nies/Familja
177,biex,Kunċetti Astratti
178,iva,Kunċetti Astratti
179,Nana,Nies/Ismijiet
180,nanu,Nies/Kultura
181,ilma,Ikel/Natura
182,ninny,Nies/Familja
183,Dina,Nies/Ismijiet
184,tadam,Ikel
185,gwardarobba,Oġġetti
186,dwiefer,Partijiet tal-ġisem
187,Barrani,Nies/Ismijiet
188,naf,Azzjonijiet
189,ħall,Ikel
190,xwabel,Annimali
191,injam,Natura
192,inqum,Azzjonijiet
193,barraxa,Oġġetti
194,familja,Nies/Familja
195,umbrella,Oġġetti
196,denb,Partijiet tal-ġisem
197,le,Kunċetti Astratti
198,bank,Oġġetti
199,kustilji,Ikel
200,tifel,Nies
201,guys,Nies
202,nilagħbu,Azzjonijiet
203,nilgħab,Azzjonijiet
204,logħob,Oġġetti
205,ejja mmorru,Azzjonijiet
206,pitravi,Ikel
207,hawn fuq,Kunċetti Astratti
208,pappagall,Annimali
209,papra,Annimali
210,nannu,Nies/Familja
211,tieqa,Oġġetti
212,fairy tale,Oġġetti/Kultura
213,patata,Ikel
214,Rebekkin,Oġġetti
215,immur,Azzjonijiet
216,bettieħa,Ikel
217,armih,Azzjonijiet
218,siġra tal-arżnu,Natura
219,pjanċa,Oġġetti
220,mejda,Oġġetti
221,jien nixrob,Azzjonijiet
222,bżar,Ikel
223,pacifier,Oġġetti
224,furketta,Oġġetti
225,torta,Ikel
226,pizza,Ikel
227,ħlief,Kunċetti Astratti
228,vapur,Oġġetti/Trasport
229,roti,Oġġetti/Trasport
230,sieq,Partijiet tal-ġisem
231,poeżija,Oġġetti/Kultura
232,ġurdien,Annimali
233,Papa,Nies/Ismijiet
234,oranġjo,Kuluri
235,oranġjo,Ikel
236,ħġieġ,Oġġetti
237,għasfur,Annimali
238,aħdar,Kuluri
239,Rena,Nies/Ismijiet
240,ħawħ,Ikel
241,roża,Kuluri
242,arloġġ,Oġġetti
243,ħwejjeġ,Oġġetti
244,ross,Ikel
245,salami,Ikel
246,insalata,Ikel
247,Sasha,Nies/Ismijiet
248,gremxula,Annimali
249,sarġ,Oġġetti
250,karfus,Ikel
251,sellum,Oġġetti
252,qanfud,Annimali
253,kelb,Annimali
254,ċikkulata,Ikel
255,soppa,Ikel
256,taqbila,Oġġetti
257,dar,Oġġetti/Postijiet
258,nieqaf,Azzjonijiet
259,għeneb,Ikel
260,kuruna,Oġġetti
261,ħalq,Partijiet tal-ġisem
262,waqqaf,Oġġetti
263,plus,Kunċetti Astratti
264,sponża,Oġġetti
265,skola,Oġġetti/Postijiet
266,klassi,Kunċetti Astratti
267,taxi,Oġġetti/Trasport
268,kwadru,Forom
269,nar,Oġġetti
270,ħġieġ,Oġġetti
271,cicada,Annimali
272,televiżjoni,Oġġetti/Teknoloġija
273,isteering wheel,Oġġetti
274,Tina,Nies/Ismijiet
275,ħajt,Oġġetti
276,post,Oġġetti
277,kejk,Ikel
278,mejda,Oġġetti
279,trijangolu,Forom
280,niekol,Azzjonijiet
281,tè,Ikel
282,borża,Oġġetti
283,ċirku,Oġġetti/Kultura
284,ġobon,Ikel
285,Yvonne,Nies/Ismijiet
286,kompjuter,Oġġetti/Teknoloġija
287,ikel,Ikel
288,Fanis,Nies/Ismijiet
289,fanal,Oġġetti
290,fażola,Ikel
291,qamar,Natura
292,ħabib,Nies
293,libsa,Oġġetti
294,dawl,Natura
295,nar,Natura
296,Harry,Nies/Ismijiet
297,xitwa,Ħin/Natura
298,fekruna,Annimali
299,idejn,Partijiet tal-ġisem
300,niżfen,Azzjonijiet
301,meraq,Ikel
302,imqass,Oġġetti
303,ħut,Ikel/Annimali
304,qed infittex,Azzjonijiet
305,Naħmi,Azzjonijiet
306,grill,Oġġetti
307,Psipsina,Annimali/Ismijiet
308,ħobż,Ikel
309,xiri,Azzjonijiet
310,ħin,Ħin